-- phpMyAdmin SQL Dump
-- version 4.9.7
-- https://www.phpmyadmin.net/
--
-- Host: localhost:3306
-- Generation Time: Sep 23, 2021 at 01:13 PM
-- Server version: 5.7.35
-- PHP Version: 7.3.30

SET SQL_MODE = "NO_AUTO_VALUE_ON_ZERO";
SET AUTOCOMMIT = 0;
START TRANSACTION;
SET time_zone = "+00:00";


/*!40101 SET @OLD_CHARACTER_SET_CLIENT=@@CHARACTER_SET_CLIENT */;
/*!40101 SET @OLD_CHARACTER_SET_RESULTS=@@CHARACTER_SET_RESULTS */;
/*!40101 SET @OLD_COLLATION_CONNECTION=@@COLLATION_CONNECTION */;
/*!40101 SET NAMES utf8mb4 */;

--
-- Database: `martdev1_iResturant_ERP`
--

-- --------------------------------------------------------

--
-- Table structure for table `iResturant_Admin_Login`
--

CREATE TABLE `iResturant_Admin_Login` (
  `id` varchar(200) NOT NULL,
  `email` varchar(200) NOT NULL,
  `password` varchar(200) NOT NULL
) ENGINE=InnoDB DEFAULT CHARSET=utf8mb4;

--
-- Dumping data for table `iResturant_Admin_Login`
--

INSERT INTO `iResturant_Admin_Login` (`id`, `email`, `password`) VALUES
('a87of334ae130217fea4505fd3c994f5683f', 'martdevelopers254@gmail.com', 'a69681bcf334ae130217fea4505fd3c994f5683f');

-- --------------------------------------------------------

--
-- Table structure for table `iResturant_Country`
--

CREATE TABLE `iResturant_Country` (
  `id` varchar(200) NOT NULL,
  `code` varchar(200) NOT NULL,
  `name` varchar(200) NOT NULL
) ENGINE=InnoDB DEFAULT CHARSET=utf8mb4;

--
-- Dumping data for table `iResturant_Country`
--

INSERT INTO `iResturant_Country` (`id`, `code`, `name`) VALUES
('48a83b914c42e862c7d44b846e0eee95', 'KE', 'Kenya');

-- --------------------------------------------------------

--
-- Table structure for table `iResturant_Currencies`
--

CREATE TABLE `iResturant_Currencies` (
  `id` int(200) NOT NULL,
  `code` varchar(200) DEFAULT NULL,
  `name` varchar(200) DEFAULT NULL,
  `status` varchar(200) DEFAULT NULL
) ENGINE=InnoDB DEFAULT CHARSET=utf8mb4;

--
-- Dumping data for table `iResturant_Currencies`
--

INSERT INTO `iResturant_Currencies` (`id`, `code`, `name`, `status`) VALUES
(1, 'Ksh', 'Kenyan Shilling', 'Active'),
(2, '$', 'Dollar', '');

-- --------------------------------------------------------

--
-- Table structure for table `iResturant_Customer`
--

CREATE TABLE `iResturant_Customer` (
  `id` varchar(200) NOT NULL,
  `name` varchar(200) DEFAULT NULL,
  `phone` varchar(200) DEFAULT NULL,
  `email` varchar(200) DEFAULT NULL,
  `adr` varchar(200) DEFAULT NULL,
  `client_country` varchar(200) DEFAULT NULL,
  `profile_pic` varchar(200) DEFAULT NULL,
  `login_password` varchar(200) DEFAULT NULL,
  `account_status` int(20) DEFAULT '0'
) ENGINE=InnoDB DEFAULT CHARSET=utf8mb4;

--
-- Dumping data for table `iResturant_Customer`
--

INSERT INTO `iResturant_Customer` (`id`, `name`, `phone`, `email`, `adr`, `client_country`, `profile_pic`, `login_password`, `account_status`) VALUES
('42e72e0aa927e9f5cf046b3e0d86116d5a1d055504', 'Martin Mbithi', '0703009432', 'martinezmbithi@gmail.com', '90126 Localhost', '48a83b914c42e862c7d44b846e0eee95', NULL, 'c4b014ebfded188d29d349a01b48d5019998a91c', NULL),
('4a3003680ecc16a62ca6cf190d457ecf3890f148be', 'Devlan Inc', '0712345689', 'devlaninc18@gmail.com', '90126 Localhost', '48a83b914c42e862c7d44b846e0eee95', NULL, 'a69681bcf334ae130217fea4505fd3c994f5683f', 0),
('75b5688c03fcda88dfa295d0bcaf176f', 'Martin Mbithi', '0737229776', 'martdevelopers254@gmail.com', '120 Kikima', '48a83b914c42e862c7d44b846e0eee95', '1627020490Screenshot-20210715110521-727x557.png', 'a69681bcf334ae130217fea4505fd3c994f5683f', 0);

-- --------------------------------------------------------

--
-- Table structure for table `iResturant_Customer_Orders`
--

CREATE TABLE `iResturant_Customer_Orders` (
  `id` varchar(200) NOT NULL,
  `code` varchar(200) NOT NULL,
  `customer_id` varchar(200) NOT NULL,
  `meal_menu_id` varchar(200) NOT NULL,
  `meal_count` varchar(200) NOT NULL,
  `speacial_request` longblob NOT NULL,
  `order_amount` varchar(200) NOT NULL,
  `status` varchar(200) NOT NULL,
  `created_at` timestamp NOT NULL DEFAULT CURRENT_TIMESTAMP ON UPDATE CURRENT_TIMESTAMP
) ENGINE=InnoDB DEFAULT CHARSET=utf8mb4;

--
-- Dumping data for table `iResturant_Customer_Orders`
--

INSERT INTO `iResturant_Customer_Orders` (`id`, `code`, `customer_id`, `meal_menu_id`, `meal_count`, `speacial_request`, `order_amount`, `status`, `created_at`) VALUES
('0b74a29b9249235e28c79763be8ffb8aacb6a6ce15', 'QYBLM60759', '4a3003680ecc16a62ca6cf190d457ecf3890f148be', '22f1b0dd4a1396574faf13f9bf509f52be3e31e00a', '1', '', '200', 'Paid', '2021-08-02 10:38:29'),
('5991cc016dfdba107cd75bbce5302da4991fba166a', 'ZOPWG16957', '42e72e0aa927e9f5cf046b3e0d86116d5a1d055504', '3944cf932901d7fb78d98aa7ab526d9b92d20c2c54', '2', '', '400', 'Paid', '2021-07-28 11:43:43'),
('6d5c6e2afaabde11cbeadaf72ed04b39819718efce', 'ISPFT70846', '42e72e0aa927e9f5cf046b3e0d86116d5a1d055504', '2c3e1dd102fd4122e2ba9b74080cc4b14ee53b8eb0', '5', '', '200', 'Paid', '2021-07-28 11:42:39'),
('854b155223dd593811c15ce4274fe7435fbeeea215', 'UGQSJ30512', '75b5688c03fcda88dfa295d0bcaf176f', '2b063bf8f6004487fa75e3d9943b6ae5a6a9203df3', '1', '', '1200', 'Un Paid', '2021-08-02 13:24:30'),
('97dc70dd4ec290c067d40d40fff01ca51be4a62f44', 'AIPRM74231', '42e72e0aa927e9f5cf046b3e0d86116d5a1d055504', '3944cf932901d7fb78d98aa7ab526d9b92d20c2c54', '2', '', '400', 'Paid', '2021-07-28 11:41:14'),
('ad1548660a12bcb1aed219bd85497673105949eb3d', 'FVBKE28409', '75b5688c03fcda88dfa295d0bcaf176f', '22f1b0dd4a1396574faf13f9bf509f52be3e31e00a', '3', 0x4c6f72656d20697073756d20646f6c6f722073697420616d65742c20636f6e73656374657475722061646970697363696e6720656c69742c2073656420646f20656975736d6f642074656d706f7220696e6369646964756e74207574206c61626f726520657420646f6c6f7265206d61676e6120616c697175612e2050686172657472612076656c20747572706973206e756e632065676574206c6f72656d2e20546f72746f7220636f6e73657175617420696420706f727461206e6962682076656e656e617469732063726173207365642e20456765742073697420616d65742074656c6c757320637261732e2050656c6c656e746573717565206861626974616e74206d6f726269207472697374697175652073656e6563747573206574206e657475732065742e204c756374757320616363756d73616e20746f72746f7220706f737565726520616320757420636f6e7365717561742073656d7065722e205363656c65726973717565206665726d656e74756d2064756920666175636962757320696e206f726e617265207175616d2076697665727261206f7263692e20566974616520747572706973206d617373612073656420656c656d656e74756d2074656d70757320656765737461732e20457420756c747269636573206e65717565206f726e6172652061656e65616e20657569736d6f6420656c656d656e74756d206e69736920717569732e204d6f726269206c656f2075726e61206d6f6c657374696520617420656c656d656e74756d20657520666163696c697369732e0d0a0d0a52686f6e6375732061656e65616e2076656c20656c6974207363656c65726973717565206d61757269732070656c6c656e7465737175652070756c76696e61722070656c6c656e746573717565206861626974616e742e20456e696d206469616d2076756c7075746174652075742070686172657472612e204e69736c20707572757320696e206d6f6c6c6973206e756e632e205072657469756d2066757363652069642076656c697420757420746f72746f72207072657469756d20766976657272612073757370656e646973736520706f74656e74692e20417563746f7220656c6974207365642076756c707574617465206d692e20416320746f72746f72207669746165207075727573206661756369627573206f726e6172652073757370656e646973736520736564206e697369206c616375732e204d61676e61206672696e67696c6c612075726e6120706f72747469746f722072686f6e63757320646f6c6f722e2056656c207072657469756d206c6563747573207175616d2069642e2054656d706f72206964206575206e69736c206e756e632e2053656d206672696e67696c6c61207574206d6f7262692074696e636964756e7420617567756520696e74657264756d2076656c697420657569736d6f6420696e2e204e756e63207363656c657269737175652076697665727261206d617572697320696e2e20416c697175657420626962656e64756d20656e696d20666163696c697369732067726176696461206e6571756520636f6e76616c6c69732e204d61676e6120657469616d2074656d706f72206f726369206575206c6f626f7274697320656c656d656e74756d206e6962682074656c6c7573206d6f6c65737469652e, '200', 'Paid', '2021-07-23 07:42:14'),
('d92fbb2a7c423597d2ad800e68ff0e323d6af12238', 'FGKLV71389', '75b5688c03fcda88dfa295d0bcaf176f', 'ce189c053baabfb31be23b6ebb5b3fc2523332555e', '2', '', '500', 'Paid', '2021-07-23 07:42:06');

-- --------------------------------------------------------

--
-- Table structure for table `iResturant_Expenses`
--

CREATE TABLE `iResturant_Expenses` (
  `id` varchar(200) NOT NULL,
  `code` varchar(200) NOT NULL,
  `supplier_id` varchar(200) NOT NULL,
  `amount` varchar(200) NOT NULL,
  `details` longblob NOT NULL,
  `created_at` timestamp NOT NULL DEFAULT CURRENT_TIMESTAMP ON UPDATE CURRENT_TIMESTAMP,
  `status` varchar(200) NOT NULL
) ENGINE=InnoDB DEFAULT CHARSET=utf8mb4;

--
-- Dumping data for table `iResturant_Expenses`
--

INSERT INTO `iResturant_Expenses` (`id`, `code`, `supplier_id`, `amount`, `details`, `created_at`, `status`) VALUES
('1bf7d849946b4ae44512c2d1cf7f93c92190391fc9', 'EOZSH70915', 'caf5bb76c32339f8888197ab58a4002265abe616bf', '2560', 0x4c6f72656d20697073756d20646f6c6f722073697420616d65742c20636f6e73656374657475722061646970697363696e6720656c69742c2073656420646f20656975736d6f642074656d706f7220696e6369646964756e74207574206c61626f726520657420646f6c6f7265206d61676e6120616c697175612e2050686172657472612076656c20747572706973206e756e632065676574206c6f72656d2e20546f72746f7220636f6e73657175617420696420706f727461206e6962682076656e656e617469732063726173207365642e20456765742073697420616d65742074656c6c757320637261732e2050656c6c656e746573717565206861626974616e74206d6f726269207472697374697175652073656e6563747573206574206e657475732065742e204c756374757320616363756d73616e20746f72746f7220706f737565726520616320757420636f6e7365717561742073656d7065722e205363656c65726973717565206665726d656e74756d2064756920666175636962757320696e206f726e617265207175616d2076697665727261206f7263692e20566974616520747572706973206d617373612073656420656c656d656e74756d2074656d70757320656765737461732e20457420756c747269636573206e65717565206f726e6172652061656e65616e20657569736d6f6420656c656d656e74756d206e69736920717569732e204d6f726269206c656f2075726e61206d6f6c657374696520617420656c656d656e74756d20657520666163696c697369732e0d0a0d0a52686f6e6375732061656e65616e2076656c20656c6974207363656c65726973717565206d61757269732070656c6c656e7465737175652070756c76696e61722070656c6c656e746573717565206861626974616e742e20456e696d206469616d2076756c7075746174652075742070686172657472612e204e69736c20707572757320696e206d6f6c6c6973206e756e632e205072657469756d2066757363652069642076656c697420757420746f72746f72207072657469756d20766976657272612073757370656e646973736520706f74656e74692e20417563746f7220656c6974207365642076756c707574617465206d692e20416320746f72746f72207669746165207075727573206661756369627573206f726e6172652073757370656e646973736520736564206e697369206c616375732e204d61676e61206672696e67696c6c612075726e6120706f72747469746f722072686f6e63757320646f6c6f722e2056656c207072657469756d206c6563747573207175616d2069642e2054656d706f72206964206575206e69736c206e756e632e2053656d206672696e67696c6c61207574206d6f7262692074696e636964756e7420617567756520696e74657264756d2076656c697420657569736d6f6420696e2e204e756e63207363656c657269737175652076697665727261206d617572697320696e2e20416c697175657420626962656e64756d20656e696d20666163696c697369732067726176696461206e6571756520636f6e76616c6c69732e204d61676e6120657469616d2074656d706f72206f726369206575206c6f626f7274697320656c656d656e74756d206e6962682074656c6c7573206d6f6c65737469652e, '2021-07-23 08:45:37', 'Un Paid'),
('37aa49431b124602a48c1db3a4e6875c24e3f4b605', 'UNFIY73182', 'caf5bb76c32339f8888197ab58a4002265abe616bf', '4500', 0x4c6f72656d20697073756d20646f6c6f722073697420616d65742c20636f6e73656374657475722061646970697363696e6720656c69742c2073656420646f20656975736d6f642074656d706f7220696e6369646964756e74207574206c61626f726520657420646f6c6f7265206d61676e6120616c697175612e2050686172657472612076656c20747572706973206e756e632065676574206c6f72656d2e20546f72746f7220636f6e73657175617420696420706f727461206e6962682076656e656e617469732063726173207365642e20456765742073697420616d65742074656c6c757320637261732e2050656c6c656e746573717565206861626974616e74206d6f726269207472697374697175652073656e6563747573206574206e657475732065742e204c756374757320616363756d73616e20746f72746f7220706f737565726520616320757420636f6e7365717561742073656d7065722e205363656c65726973717565206665726d656e74756d2064756920666175636962757320696e206f726e617265207175616d2076697665727261206f7263692e20566974616520747572706973206d617373612073656420656c656d656e74756d2074656d70757320656765737461732e20457420756c747269636573206e65717565206f726e6172652061656e65616e20657569736d6f6420656c656d656e74756d206e69736920717569732e204d6f726269206c656f2075726e61206d6f6c657374696520617420656c656d656e74756d20657520666163696c697369732e0d0a0d0a52686f6e6375732061656e65616e2076656c20656c6974207363656c65726973717565206d61757269732070656c6c656e7465737175652070756c76696e61722070656c6c656e746573717565206861626974616e742e20456e696d206469616d2076756c7075746174652075742070686172657472612e204e69736c20707572757320696e206d6f6c6c6973206e756e632e205072657469756d2066757363652069642076656c697420757420746f72746f72207072657469756d20766976657272612073757370656e646973736520706f74656e74692e20417563746f7220656c6974207365642076756c707574617465206d692e20416320746f72746f72207669746165207075727573206661756369627573206f726e6172652073757370656e646973736520736564206e697369206c616375732e204d61676e61206672696e67696c6c612075726e6120706f72747469746f722072686f6e63757320646f6c6f722e2056656c207072657469756d206c6563747573207175616d2069642e2054656d706f72206964206575206e69736c206e756e632e2053656d206672696e67696c6c61207574206d6f7262692074696e636964756e7420617567756520696e74657264756d2076656c697420657569736d6f6420696e2e204e756e63207363656c657269737175652076697665727261206d617572697320696e2e20416c697175657420626962656e64756d20656e696d20666163696c697369732067726176696461206e6571756520636f6e76616c6c69732e204d61676e6120657469616d2074656d706f72206f726369206575206c6f626f7274697320656c656d656e74756d206e6962682074656c6c7573206d6f6c65737469652e, '2021-07-28 11:49:27', 'Paid');

-- --------------------------------------------------------

--
-- Table structure for table `iResturant_Machines`
--

CREATE TABLE `iResturant_Machines` (
  `id` varchar(200) NOT NULL,
  `name` varchar(200) NOT NULL,
  `manufacturer` varchar(200) NOT NULL,
  `manufacturing_date` varchar(200) NOT NULL,
  `life_span` varchar(200) NOT NULL,
  `how_many` int(11) NOT NULL,
  `status` varchar(200) NOT NULL
) ENGINE=InnoDB DEFAULT CHARSET=utf8mb4;

--
-- Dumping data for table `iResturant_Machines`
--

INSERT INTO `iResturant_Machines` (`id`, `name`, `manufacturer`, `manufacturing_date`, `life_span`, `how_many`, `status`) VALUES
('8e540c54668a9ebd997e108d7d5f60c69b3e9ea356', 'Freezer', 'Samsung', '2021-07-23', '3 Years', 4, 'Functional'),
('50f3b0a9cb505a547718235bac63bfa1a4d90b33e6', 'Microwave Ovens', 'Von HotPoint', '2021-07-28', '5 Years', 20, 'Functional');

-- --------------------------------------------------------

--
-- Table structure for table `iResturant_Mailer_Settings`
--

CREATE TABLE `iResturant_Mailer_Settings` (
  `host` varchar(200) NOT NULL,
  `port` varchar(200) NOT NULL,
  `protocol` varchar(200) NOT NULL,
  `username` varchar(200) NOT NULL,
  `mail_from_name` varchar(200) NOT NULL,
  `password` varchar(200) NOT NULL,
  `mail_from` varchar(200) NOT NULL
) ENGINE=InnoDB DEFAULT CHARSET=utf8mb4;

--
-- Dumping data for table `iResturant_Mailer_Settings`
--

INSERT INTO `iResturant_Mailer_Settings` (`host`, `port`, `protocol`, `username`, `mail_from_name`, `password`, `mail_from`) VALUES
('prototype.martdev.info', '465', 'ssl', 'martdev1', 'iResturant Inc', 'Martinez@', 'mail@prototype.martdev.info');

-- --------------------------------------------------------

--
-- Table structure for table `iResturant_Meal_Category`
--

CREATE TABLE `iResturant_Meal_Category` (
  `id` varchar(200) NOT NULL,
  `name` varchar(200) NOT NULL,
  `details` longtext NOT NULL
) ENGINE=InnoDB DEFAULT CHARSET=utf8mb4;

--
-- Dumping data for table `iResturant_Meal_Category`
--

INSERT INTO `iResturant_Meal_Category` (`id`, `name`, `details`) VALUES
('5c3b59f53fd31a2903f90c21a24df3812298e568e2', 'Desserts', 'Dessert  is a course that concludes a meal. The course consists of sweet foods, such as confections, and possibly a beverage such as dessert wine and liqueur. In some parts of the world, such as much of central and western Africa, and most parts of China, there is no tradition of a dessert course to conclude a meal.\r\n\r\nThe term dessert can apply to many confections, such as biscuits, cakes, cookies, custards, gelatins, ice creams, pastries, pies, puddings, sweet soups, tarts and fruit salad. Fruit is also commonly found in dessert courses because of its naturally occurring sweetness. Some cultures sweeten foods that are more commonly savory to create desserts. '),
('8578cf2ef7091f6b72ade00bc471705a4e1a8fb05a', 'Beverages', 'A drink (or beverage) is a liquid intended for human consumption. In addition to their basic function of satisfying thirst, drinks play important roles in human culture. Common types of drinks include plain drinking water, milk, juice and soft drinks.'),
('b11aaf8ae17c1964ffd063d59b4a7d1e4cdc4e165e', 'Dinner', 'Lorem ipsum iLorem ipsum iLorem ipsum iLorem ipsum i'),
('df2c45b60ad4c5c99fbb2d640f71530ae55f9f7ca0', 'Breakfast', 'Breakfast is the first meal served every morning in our hotel.');

-- --------------------------------------------------------

--
-- Table structure for table `iResturant_Menu`
--

CREATE TABLE `iResturant_Menu` (
  `meal_id` varchar(200) NOT NULL,
  `meal_category_id` varchar(200) NOT NULL,
  `meal_name` varchar(200) NOT NULL,
  `meal_price` varchar(200) NOT NULL
) ENGINE=InnoDB DEFAULT CHARSET=utf8mb4;

--
-- Dumping data for table `iResturant_Menu`
--

INSERT INTO `iResturant_Menu` (`meal_id`, `meal_category_id`, `meal_name`, `meal_price`) VALUES
('22f1b0dd4a1396574faf13f9bf509f52be3e31e00a', 'df2c45b60ad4c5c99fbb2d640f71530ae55f9f7ca0', 'Americano And Eggs', '200'),
('2b063bf8f6004487fa75e3d9943b6ae5a6a9203df3', 'b11aaf8ae17c1964ffd063d59b4a7d1e4cdc4e165e', 'Candle Lit Dinner', '1200'),
('2c3e1dd102fd4122e2ba9b74080cc4b14ee53b8eb0', '5c3b59f53fd31a2903f90c21a24df3812298e568e2', 'Pudding', '200'),
('3944cf932901d7fb78d98aa7ab526d9b92d20c2c54', '5c3b59f53fd31a2903f90c21a24df3812298e568e2', 'Apple pie', '400'),
('ce189c053baabfb31be23b6ebb5b3fc2523332555e', 'df2c45b60ad4c5c99fbb2d640f71530ae55f9f7ca0', 'White Coffee And Bread', '500');

-- --------------------------------------------------------

--
-- Table structure for table `iResturant_Notification`
--

CREATE TABLE `iResturant_Notification` (
  `id` int(200) NOT NULL,
  `user_id` varchar(200) NOT NULL,
  `icon` varchar(200) NOT NULL,
  `title` varchar(200) NOT NULL,
  `details` longtext NOT NULL,
  `status` varchar(200) NOT NULL,
  `created_at` timestamp NOT NULL DEFAULT CURRENT_TIMESTAMP ON UPDATE CURRENT_TIMESTAMP
) ENGINE=InnoDB DEFAULT CHARSET=utf8mb4;

--
-- Dumping data for table `iResturant_Notification`
--

INSERT INTO `iResturant_Notification` (`id`, `user_id`, `icon`, `title`, `details`, `status`, `created_at`) VALUES
(1, 'a87of334ae130217fea4505fd3c994f5683f', 'bell', 'Database Server', 'System has detected slow and open tables in your database server, kindly restart this application.', 'Unread', '2021-07-12 14:41:15');

-- --------------------------------------------------------

--
-- Table structure for table `iResturant_Payments`
--

CREATE TABLE `iResturant_Payments` (
  `id` varchar(200) NOT NULL,
  `code` varchar(200) NOT NULL,
  `order_code` varchar(200) DEFAULT NULL,
  `reservation_code` varchar(200) DEFAULT NULL,
  `means` varchar(200) NOT NULL,
  `amount` varchar(200) NOT NULL,
  `type` varchar(200) NOT NULL,
  `date_paid` timestamp NOT NULL DEFAULT CURRENT_TIMESTAMP ON UPDATE CURRENT_TIMESTAMP
) ENGINE=InnoDB DEFAULT CHARSET=utf8mb4;

--
-- Dumping data for table `iResturant_Payments`
--

INSERT INTO `iResturant_Payments` (`id`, `code`, `order_code`, `reservation_code`, `means`, `amount`, `type`, `date_paid`) VALUES
('156c12298edefebba4f275e75433f7aa685a77ce6d', '6XVSEDR2BG', NULL, 'TKUNR52034', 'Cash', '420000', 'Reservations', '2021-07-16 13:26:55'),
('2590064d5507632ddf4375d23e84c955f6cd6cf2a7', '9RLZSJQ05U', NULL, 'PYGVO41698', 'Cash', '120000', 'Reservations', '2021-07-28 09:57:42'),
('31318478e69721ab52316adcdbc42c9cb9db100801', '6IEAVSMX89', NULL, 'ELZOD14578', 'Cash', '12000', 'Reservations', '2021-08-04 09:20:21'),
('511a69a734b05cba78a626af435342c85faf031092', '8YEWN9HBAS', NULL, 'AVLYW97184', 'Cash', '2700', 'Reservations', '2021-07-28 09:42:21'),
('af6b53f84684c0d77d4b126fbc4a6fb513f8e38b06', 'WUXR5C4D1P', 'ZTDWU19234', NULL, 'Mpesa', '200', 'Resturant Sales', '2021-07-23 07:52:30'),
('b13d0007c7607f8a5bcd18f6ebfa36b84759fc8b0f', 'HXI0TVLSG7', 'FGKLV71389', NULL, 'Cash', '1000', 'Resturant Sales', '2021-07-23 07:42:06'),
('b5943db8869fd3f7a5cfdfac1adad855621d6bb9f7', 'SEW46BI3Y5', NULL, 'KPSMQ67438', 'Cash', '840000', 'Reservations', '2021-07-16 14:31:01'),
('c17158ef591b54282e81ea6df2914be1671a3f82cf', '63DTIVA87Q', NULL, 'EXMHC12643', 'Cash', '6000', 'Reservations', '2021-07-31 12:19:58'),
('c2ebc3caf62e653be3fba23a0c5632deda088617e3', 'Z7BQX1VSHI', NULL, 'GKQIL02416', 'Cash', '8100', 'Reservations', '2021-07-16 14:29:35'),
('ca460597468e8fc6f8fc46256d2446162d56d556cb', 'DFMR7H0V3C', 'ZOPWG16957', NULL, 'Cash', '800', 'Resturant Sales', '2021-07-28 11:43:43'),
('d0454e3d5f99dde5ac21c02f1afba01d82d85d3df1', 'C5SKPEHGA7', 'AIPRM74231', NULL, 'Cash', '800', 'Resturant Sales', '2021-07-28 11:41:14'),
('d9efb63daafc14b9604c28c3e6d77646b5fc61813f', 'LIU89N2R4B', 'FVBKE28409', NULL, 'Mpesa', '600', 'Resturant Sales', '2021-07-23 07:42:14'),
('da067ffe9211f868b3e0cf80572a6c74672760ccd7', 'JZ2PHMN0LE', 'ISPFT70846', NULL, 'Cash', '1000', 'Resturant Sales', '2021-07-28 11:42:39'),
('f9f720c8eca901afba687d56e403104f29002ce1d0', '1QUL7JMR62', 'QYBLM60759', NULL, 'Mpesa', '200', 'Resturant Sales', '2021-08-02 10:38:29');

-- --------------------------------------------------------

--
-- Table structure for table `iResturant_Payroll`
--

CREATE TABLE `iResturant_Payroll` (
  `id` varchar(200) NOT NULL,
  `code` varchar(200) NOT NULL,
  `month` varchar(200) NOT NULL,
  `staff_id` varchar(200) NOT NULL,
  `amount` varchar(200) NOT NULL,
  `created_at` timestamp NOT NULL DEFAULT CURRENT_TIMESTAMP ON UPDATE CURRENT_TIMESTAMP
) ENGINE=InnoDB DEFAULT CHARSET=utf8mb4;

--
-- Dumping data for table `iResturant_Payroll`
--

INSERT INTO `iResturant_Payroll` (`id`, `code`, `month`, `staff_id`, `amount`, `created_at`) VALUES
('913e9ce9850769f81e86b88c1a2a32d14dd138ff9e', 'HQWBD97406', 'February', '04195ad0ce9910937bdd28dd415369777d5f4589', '5500', '2021-07-19 09:44:47'),
('b734d2d85a6b482468cc0bb0d20165ee70433fa733', 'XJEWB69873', 'July', '8aef82fb6e3ebb184a32506b6bc0df26d3394cc4', '25000', '2021-08-03 07:44:58'),
('cac34675e0938c4ffa5e9e52b589e6cf50bb45d4d7', 'YVGQJ61245', 'March', '04195ad0ce9910937bdd28dd415369777d5f4589', '25000', '2021-07-28 10:27:21'),
('d2550e722fe1ae38d8ee5caf9f968efe7d42aa1e93', 'NRIQB54879', 'January', '04195ad0ce9910937bdd28dd415369777d5f4589', '2500', '2021-07-19 09:39:35'),
('e371ff9b3b91f82d776377464d2c40bbb933c3e651', 'MPAVU68952', 'January', 'e9334e9aacfc45a325df9a1d0d88890aca8da93d', '45000', '2021-07-28 10:27:11');

-- --------------------------------------------------------

--
-- Table structure for table `iResturant_Room`
--

CREATE TABLE `iResturant_Room` (
  `id` varchar(200) NOT NULL,
  `number` varchar(200) NOT NULL,
  `room_category_id` varchar(200) NOT NULL,
  `price` varchar(200) NOT NULL,
  `status` varchar(200) NOT NULL,
  `details` longblob NOT NULL
) ENGINE=InnoDB DEFAULT CHARSET=utf8mb4;

--
-- Dumping data for table `iResturant_Room`
--

INSERT INTO `iResturant_Room` (`id`, `number`, `room_category_id`, `price`, `status`, `details`) VALUES
('6684a812991e562e2f3079e7f187afb3cd4bcee5a3', '002', '0d79fbec9c510e5b4db65a429d5525f916b5eacf63', '60000', 'Vacant', 0x4c6f72656d20697073756d20646f6c6f722073697420616d65742c20636f6e73656374657475722061646970697363696e6720656c69742c2073656420646f20656975736d6f642074656d706f7220696e6369646964756e74207574206c61626f726520657420646f6c6f7265206d61676e6120616c697175612e204c6563747573207175616d206964206c656f20696e207669746165207475727069732e204e756e632076656c20726973757320636f6d6d6f646f2076697665727261206d616563656e617320616363756d73616e206c616375732076656c20666163696c697369732e20436f6d6d6f646f20756c6c616d636f727065722061206c6163757320766573746962756c756d2e2054656d707573207175616d2070656c6c656e746573717565206e6563206e616d20616c697175616d2073656d20657420746f72746f7220636f6e7365717561742e205175616d2076697665727261206f72636920736167697474697320657520766f6c75747061742e204861626974616e74206d6f726269207472697374697175652073656e6563747573206574206e657475732065742e2046656c69732065676574206e756e63206c6f626f72746973206d617474697320616c697175616d20666175636962757320707572757320696e2e20446f6e65632061646970697363696e6720747269737469717565207269737573206e6563206665756769617420696e206665726d656e74756d20706f73756572652075726e612e20506f72747469746f72206c61637573206c756374757320616363756d73616e20746f72746f7220706f737565726520616320757420636f6e7365717561742073656d7065722e2052757472756d2074656c6c75732070656c6c656e7465737175652065752074696e636964756e7420746f72746f7220616c697175616d206e756c6c6120666163696c69736920637261732e2053656420726973757320756c7472696369657320747269737469717565206e756c6c612e20547572706973206d617373612074696e636964756e7420647569207574206f726e617265206c6563747573207369742e2054696e636964756e7420617567756520696e74657264756d2076656c697420657569736d6f6420696e2070656c6c656e746573717565206d6173736120706c6163657261742e205472697374697175652073656e6563747573206574206e657475732065742e0d0a0d0a416c697175616d20656c656966656e64206d6920696e206e756c6c6120706f737565726520736f6c6c696369747564696e20616c697175616d2e2045676574206d61676e61206665726d656e74756d20696163756c6973206575206e6f6e2e204d6173736120766974616520746f72746f7220636f6e64696d656e74756d206c6163696e696120717569732076656c2e20496e74657264756d20706f7375657265206c6f72656d20697073756d20646f6c6f722073697420616d657420636f6e73656374657475722061646970697363696e6720656c69742e20416d657420706f72747469746f72206567657420646f6c6f72206d6f726269206e6f6e206172637520726973757320717569732e20526973757320617420756c747269636573206d692074656d70757320696d706572646965742e204d6920696e206e756c6c6120706f737565726520736f6c6c696369747564696e20616c697175616d20756c7472696365732073616769747469732e20436f6e73656374657475722061646970697363696e6720656c697420647569732074726973746971756520736f6c6c696369747564696e206e6962682073697420616d65742e2053617069656e2065676574206d692070726f696e20736564206c696265726f2e204d692074656d70757320696d70657264696574206e756c6c61206d616c6573756164612070656c6c656e74657371756520656c6974206567657420677261766964612063756d2e),
('6e190d732f734aa457aa96de9e729eee3e4fc38d0c', '001', '04851af14e9047f7321704c7766fc7f27000a6586a', '2700', 'Vacant', 0x46756c6c79206675726e69736865642073696e676c6520726f6f6d207769746820206772656174207669657720746f20746865206369747920736b796c696e652e),
('7b08d56dddc3a8e85d15d78d2cd6183b68c11691f9', '003', '04851af14e9047f7321704c7766fc7f27000a6586a', '1500', 'Reserved', 0x416e20656c6567616e742c2066756c6c79206675726e69736865642073696e676c6520726f6f6d2e);

-- --------------------------------------------------------

--
-- Table structure for table `iResturant_Room_Category`
--

CREATE TABLE `iResturant_Room_Category` (
  `id` varchar(200) NOT NULL,
  `name` varchar(200) NOT NULL
) ENGINE=InnoDB DEFAULT CHARSET=utf8mb4;

--
-- Dumping data for table `iResturant_Room_Category`
--

INSERT INTO `iResturant_Room_Category` (`id`, `name`) VALUES
('04851af14e9047f7321704c7766fc7f27000a6586a', 'Single Room'),
('0d79fbec9c510e5b4db65a429d5525f916b5eacf63', 'Presidential Suite'),
('33019f7f5e25968d63f467729a9604e71c506160dc', 'Double Room'),
('37f18b05d1edfa3e08ba7b6effe3550757c666f762', 'Deluxe Room'),
('4ad027dbe7b35960ae77c921ab8b2d44c637282995', 'Regular Suite'),
('6c52de1570f6f6a88d8f51b32ee5b59598e768dd94', 'Penthouse Suite');

-- --------------------------------------------------------

--
-- Table structure for table `iResturant_Room_Images`
--

CREATE TABLE `iResturant_Room_Images` (
  `room_id` varchar(200) NOT NULL,
  `image` varchar(200) NOT NULL
) ENGINE=InnoDB DEFAULT CHARSET=utf8mb4;

--
-- Dumping data for table `iResturant_Room_Images`
--

INSERT INTO `iResturant_Room_Images` (`room_id`, `image`) VALUES
('6684a812991e562e2f3079e7f187afb3cd4bcee5a3', '1626355856ps.jpg'),
('6684a812991e562e2f3079e7f187afb3cd4bcee5a3', '1626355856ps-4.webp'),
('6684a812991e562e2f3079e7f187afb3cd4bcee5a3', '1626355856ps-5.webp'),
('6684a812991e562e2f3079e7f187afb3cd4bcee5a3', '1626355856ps-bedroom.jpg'),
('6e190d732f734aa457aa96de9e729eee3e4fc38d0c', '1626419713single.jpg'),
('6e190d732f734aa457aa96de9e729eee3e4fc38d0c', '1626419714single1.jpg'),
('7b08d56dddc3a8e85d15d78d2cd6183b68c11691f9', '1627642358img3.jpg'),
('7b08d56dddc3a8e85d15d78d2cd6183b68c11691f9', '1627642358img5.jpg'),
('7b08d56dddc3a8e85d15d78d2cd6183b68c11691f9', '1627642358img7.jpg'),
('7b08d56dddc3a8e85d15d78d2cd6183b68c11691f9', '1627642359img8.jpg');

-- --------------------------------------------------------

--
-- Table structure for table `iResturant_Room_Reservation`
--

CREATE TABLE `iResturant_Room_Reservation` (
  `id` varchar(200) NOT NULL,
  `code` varchar(200) NOT NULL,
  `client_id` varchar(200) NOT NULL,
  `room_id` varchar(200) NOT NULL,
  `arrival` varchar(200) NOT NULL,
  `departure` varchar(200) NOT NULL,
  `purpose` varchar(200) NOT NULL,
  `payment_status` varchar(200) NOT NULL,
  `special_request` longblob NOT NULL,
  `reserved_on` varchar(200) NOT NULL
) ENGINE=InnoDB DEFAULT CHARSET=utf8mb4;

--
-- Dumping data for table `iResturant_Room_Reservation`
--

INSERT INTO `iResturant_Room_Reservation` (`id`, `code`, `client_id`, `room_id`, `arrival`, `departure`, `purpose`, `payment_status`, `special_request`, `reserved_on`) VALUES
('0530b3b4986f829ef1da7fd4395faa9d6277fe7e5c', 'AVLYW97184', '75b5688c03fcda88dfa295d0bcaf176f', '6e190d732f734aa457aa96de9e729eee3e4fc38d0c', '2021-07-28', '2021-07-29', 'Business', 'Paid', '', '28-Jul-2021'),
('06a9a61b67a0e01b03c604f6a4847d59f0a8403f1b', 'TKUNR52034', '75b5688c03fcda88dfa295d0bcaf176f', '6684a812991e562e2f3079e7f187afb3cd4bcee5a3', '2021-07-12', '2021-07-15', 'Business', 'Paid', 0x4c6f72656d20697073756d20646f6c6f722073697420616d65742c20636f6e73656374657475722061646970697363696e6720656c69742c2073656420646f20656975736d6f642074656d706f7220696e6369646964756e74207574206c61626f726520657420646f6c6f7265206d61676e6120616c697175612e204c6563747573207175616d206964206c656f20696e207669746165207475727069732e204e756e632076656c20726973757320636f6d6d6f646f2076697665727261206d616563656e617320616363756d73616e206c616375732076656c20666163696c697369732e20436f6d6d6f646f20756c6c616d636f727065722061206c6163757320766573746962756c756d2e2054656d707573207175616d2070656c6c656e746573717565206e6563206e616d20616c697175616d2073656d20657420746f72746f7220636f6e7365717561742e205175616d2076697665727261206f72636920736167697474697320657520766f6c75747061742e204861626974616e74206d6f726269207472697374697175652073656e6563747573206574206e657475732065742e2046656c69732065676574206e756e63206c6f626f72746973206d617474697320616c697175616d20666175636962757320707572757320696e2e20446f6e65632061646970697363696e6720747269737469717565207269737573206e6563206665756769617420696e206665726d656e74756d20706f73756572652075726e612e20506f72747469746f72206c61637573206c756374757320616363756d73616e20746f72746f7220706f737565726520616320757420636f6e7365717561742073656d7065722e2052757472756d2074656c6c75732070656c6c656e7465737175652065752074696e636964756e7420746f72746f7220616c697175616d206e756c6c6120666163696c69736920637261732e2053656420726973757320756c7472696369657320747269737469717565206e756c6c612e20547572706973206d617373612074696e636964756e7420647569207574206f726e617265206c6563747573207369742e2054696e636964756e7420617567756520696e74657264756d2076656c697420657569736d6f6420696e2070656c6c656e746573717565206d6173736120706c6163657261742e205472697374697175652073656e6563747573206574206e657475732065742e0d0a0d0a416c697175616d20656c656966656e64206d6920696e206e756c6c6120706f737565726520736f6c6c696369747564696e20616c697175616d2e2045676574206d61676e61206665726d656e74756d20696163756c6973206575206e6f6e2e204d6173736120766974616520746f72746f7220636f6e64696d656e74756d206c6163696e696120717569732076656c2e20496e74657264756d20706f7375657265206c6f72656d20697073756d20646f6c6f722073697420616d657420636f6e73656374657475722061646970697363696e6720656c69742e20416d657420706f72747469746f72206567657420646f6c6f72206d6f726269206e6f6e206172637520726973757320717569732e20526973757320617420756c747269636573206d692074656d70757320696d706572646965742e204d6920696e206e756c6c6120706f737565726520736f6c6c696369747564696e20616c697175616d20756c7472696365732073616769747469732e20436f6e73656374657475722061646970697363696e6720656c697420647569732074726973746971756520736f6c6c696369747564696e206e6962682073697420616d65742e2053617069656e2065676574206d692070726f696e20736564206c696265726f2e204d692074656d70757320696d70657264696574206e756c6c61206d616c6573756164612070656c6c656e74657371756520656c6974206567657420677261766964612063756d2e, '16-Jul-2021'),
('5bd11708e80e6226394b75d7ea9655d2099200fda0', 'EXMHC12643', '42e72e0aa927e9f5cf046b3e0d86116d5a1d055504', '7b08d56dddc3a8e85d15d78d2cd6183b68c11691f9', '2021-07-26', '2021-07-30', 'Business', 'Paid', '', '29-Jul-2021'),
('805723617ec7aba1491ac9ae807e2079f7cebf9b33', 'PYGVO41698', '75b5688c03fcda88dfa295d0bcaf176f', '6684a812991e562e2f3079e7f187afb3cd4bcee5a3', '2021-07-28', '2021-07-30', 'Educational', 'Paid', '', '28-Jul-2021'),
('93bb3f822a4d547f2fc69675d58bf0df4284a46212', 'ELZOD14578', '75b5688c03fcda88dfa295d0bcaf176f', '7b08d56dddc3a8e85d15d78d2cd6183b68c11691f9', '2021-08-09', '2021-08-17', 'Business', 'Paid', '', '02-Aug-2021');

-- --------------------------------------------------------

--
-- Table structure for table `iResturant_Staff`
--

CREATE TABLE `iResturant_Staff` (
  `id` varchar(200) NOT NULL,
  `number` varchar(200) NOT NULL,
  `name` varchar(200) NOT NULL,
  `dob` varchar(200) NOT NULL,
  `gender` varchar(200) NOT NULL,
  `phone` varchar(200) NOT NULL,
  `email` varchar(200) NOT NULL,
  `adr` longtext NOT NULL,
  `passport` varchar(200) DEFAULT NULL,
  `login_password` varchar(200) NOT NULL,
  `login_permission` varchar(200) NOT NULL,
  `date_employed` varchar(200) NOT NULL
) ENGINE=InnoDB DEFAULT CHARSET=utf8mb4;

--
-- Dumping data for table `iResturant_Staff`
--

INSERT INTO `iResturant_Staff` (`id`, `number`, `name`, `dob`, `gender`, `phone`, `email`, `adr`, `passport`, `login_password`, `login_permission`, `date_employed`) VALUES
('04195ad0ce9910937bdd28dd415369777d5f4589', '89073', 'I Doe Danson', '12/12/1990', 'Male', '79019402', 'staff@iresturantl.89054 ', '1309 Localhost', NULL, 'DemoStaff', 'Allow Login', '19/07/2021'),
('0e43a2ef5385dc8b9da5845294e5d4e78fbfe7d5', '89063', 'Alexandria Doe', '12/12/1990', 'Male', '79019392', 'staff@iresturantl.89054 ', '1299 Localhost', NULL, 'DemoStaff', 'Allow Login', '19/07/2021'),
('0f6a9ffeeb1e4603dffc39484751b5cdbf009eb6', '89056', 'Lorem Iopsim', '12/12/1990', 'Male', '79019385', 'staff@iresturantl.89054 ', '1292 Localhost', NULL, 'DemoStaff', 'Allow Login', '19/07/2021'),
('15fb251401f9d329a99a0990ffc7bf8211343af4', '89067', 'C Doe Danson', '12/12/1990', 'Male', '79019396', 'staff@iresturantl.89054 ', '1303 Localhost', NULL, 'DemoStaff', 'Allow Login', '19/07/2021'),
('24498f466b2bc3083081f6f65971637e4ad87e41', '89061', 'James F Doe', '12/12/1990', 'Male', '79019390', 'staff@iresturantl.89054 ', '1297 Localhost', NULL, 'DemoStaff', 'Allow Login', '19/07/2021'),
('31ae0ded63ec65a7befdf8ad476332b1ceadf137', '89054', 'James Doe', '12/12/1990', 'Male', '79019383', 'staff@iresturantl.89054', '1290 Localhost', '1627467873Screenshot from 2021-07-26 21-03-08.png', 'DemoStaff', 'Allow Login', '2021-07-28'),
('3a8eec09b2437c64bb99f4773e1514373af5b5f1', '89058', 'JA Doe', '12/12/1990', 'Male', '79019387', 'staff@iresturantl.89054 ', '1294 Localhost', NULL, 'DemoStaff', 'Allow Login', '19/07/2021'),
('54a27d36e4821adee6f7f21f6aeb240552793492', '89057', 'James Doe', '12/12/1990', 'Male', '79019386', 'staff@iresturantl.89054 ', '1293 Localhost', NULL, 'DemoStaff', 'Allow Login', '19/07/2021'),
('59173f324cedc792f3e27d713d544dbd2d0458cd', '89055', 'Jante Daqsom', '12/12/1990', 'Male', '79019384', 'staff@iresturantl.89054 ', '1291 Localhost', NULL, 'DemoStaff', 'Allow Login', '19/07/2021'),
('67112df9c21502f0bc5fbc1a8043625d5e933597', '89068', 'D Doe Danson', '12/12/1990', 'Male', '79019397', 'staff@iresturantl.89054 ', '1304 Localhost', NULL, 'DemoStaff', 'Allow Login', '19/07/2021'),
('749b00ffd8879e6379df3bef65671d7ac2094ae730', '89054', 'Mart Developers', '12/07/1998', 'Male', '0704031263', 'martdev@mail.com', '90126 Localhost', '1626677933company.png', '3bd07d4dedf8e84e287b370adea6088b74059844', 'Allow Login', '2021-07-19'),
('772193cd52bf41f3f7e620434e57ef3b6614f25e', '89071', 'G Doe Danson', '12/12/1990', 'Male', '79019400', 'staff@iresturantl.89054 ', '1307 Localhost', NULL, 'DemoStaff', 'Allow Login', '19/07/2021'),
('7883553c0e2c74d402eb96c694dfd3f9b5108cbe', '89060', 'Doe Doe', '12/12/1990', 'Male', '79019389', 'staff@iresturantl.89054 ', '1296 Localhost', NULL, 'DemoStaff', 'Allow Login', '19/07/2021'),
('7bce464eb5967bde5e146f9f3376f53b70184af7', '89065', 'A Doe Danson', '12/12/1990', 'Male', '79019394', 'staff@iresturantl.89054 ', '1301 Localhost', NULL, 'DemoStaff', 'Allow Login', '19/07/2021'),
('8aef82fb6e3ebb184a32506b6bc0df26d3394cc4', '89074', 'J Doe Danson', '12/12/1990', 'Male', '79019403', 'staff@iresturantl.89054 ', '1310 Localhost', NULL, 'DemoStaff', 'Allow Login', '19/07/2021'),
('8b01d6bae353a305e536112f8e47ae801223fac5', '89062', 'Alex G Doe', '12/12/1990', 'Male', '79019391', 'staff@iresturantl.89054 ', '1298 Localhost', NULL, 'DemoStaff', 'Allow Login', '19/07/2021'),
('96187c87f11739c82256533ab005fcea533810c1', '89064', 'Doe Danson', '12/12/1990', 'Male', '79019393', 'staff@iresturantl.89054 ', '1300 Localhost', NULL, 'DemoStaff', 'Allow Login', '19/07/2021'),
('c325bf948f49c7b74e248f316039bafcc81c3fb8', '89066', 'B Doe Danson', '12/12/1990', 'Male', '79019395', 'staff@iresturantl.89054 ', '1302 Localhost', NULL, 'DemoStaff', 'Allow Login', '19/07/2021'),
('c46d94780030c5eec137395ee2e482ffc252a7a9', '89070', 'F Doe Danson', '12/12/1990', 'Male', '79019399', 'staff@iresturantl.89054 ', '1306 Localhost', NULL, 'DemoStaff', 'Allow Login', '19/07/2021'),
('e1d6d6e0ce04dac066e1006f1bd0087c384f0d1a', '89069', 'E Doe Danson', '12/12/1990', 'Male', '79019398', 'staff@iresturantl.89054 ', '1305 Localhost', NULL, 'DemoStaff', 'Allow Login', '19/07/2021'),
('e3aeed0ca91f40e1299b7a59f294efbef281159d', '89075', 'K Doe Danson', '12/12/1990', 'Male', '79019404', 'staff@iresturantl.89054', '1311 Localhost', NULL, 'DemoStaff', 'Allow Login', '2021-07-19'),
('e6c4113e64ea390d5e9627e72838e07e2563e62ef7', '91503', 'Staff Mart', '12/12/1990', 'Male', '1239095831', 'martinezmbithi@gmail.com', '90125 localhost', '1627637066airline-img8.png', 'a69681bcf334ae130217fea4505fd3c994f5683f', 'Allow Login', '2021-07-28'),
('e9334e9aacfc45a325df9a1d0d88890aca8da93d', '89072', 'H Doe Danson', '12/12/1990', 'Male', '79019401', 'staff@iresturantl.89054 ', '1308 Localhost', NULL, 'DemoStaff', 'Allow Login', '19/07/2021'),
('ef6c8514810190dde626cb32a1fa632dda5cd43f', '89059', 'Doe Jane', '12/12/1990', 'Male', '79019388', 'staff@iresturantl.89054 ', '1295 Localhost', NULL, 'DemoStaff', 'Allow Login', '19/07/2021');

-- --------------------------------------------------------

--
-- Table structure for table `iResturant_Suppliers`
--

CREATE TABLE `iResturant_Suppliers` (
  `id` varchar(200) NOT NULL,
  `name` varchar(200) NOT NULL,
  `email` varchar(200) NOT NULL,
  `phone` varchar(200) NOT NULL,
  `adr` varchar(200) NOT NULL,
  `status` varchar(200) NOT NULL
) ENGINE=InnoDB DEFAULT CHARSET=utf8mb4;

--
-- Dumping data for table `iResturant_Suppliers`
--

INSERT INTO `iResturant_Suppliers` (`id`, `name`, `email`, `phone`, `adr`, `status`) VALUES
('291b453724215c85caa8342aca7276aa2c0da6c75c', 'Von Hotpoint', 'hello@von.com', '+2541234567', '90126 Nairobi', 'Active'),
('caf5bb76c32339f8888197ab58a4002265abe616bf', 'Devlan Inc', 'hello@devlaninc.com', '+254737229776', '9026 Localhost', 'Active');

-- --------------------------------------------------------

--
-- Table structure for table `iResturant_System_Details`
--

CREATE TABLE `iResturant_System_Details` (
  `system_id` int(200) NOT NULL,
  `system_name` varchar(200) DEFAULT NULL,
  `tagline` longblob,
  `logo` varchar(200) DEFAULT NULL,
  `about` longblob,
  `mail` varchar(200) DEFAULT NULL,
  `contact_details` varchar(200) DEFAULT NULL,
  `address` longblob,
  `sys_facebook` varchar(200) DEFAULT NULL,
  `sys_twitter` varchar(200) DEFAULT NULL,
  `sys_instagram` varchar(200) DEFAULT NULL,
  `sys_linked_in` varchar(200) DEFAULT NULL,
  `landing_about_title` longblob,
  `landing_about` longblob,
  `landing_about_desc` longblob,
  `landing_slide_1` varchar(200) DEFAULT NULL,
  `landing_slide_2` varchar(200) DEFAULT NULL,
  `landing_slide_3` varchar(200) DEFAULT NULL,
  `landing_slide_4` varchar(200) DEFAULT NULL,
  `landing_slide_5` varchar(200) DEFAULT NULL,
  `landing_des` longblob,
  `landing_title` longblob,
  `patners` int(11) DEFAULT NULL,
  `properties` int(11) DEFAULT NULL,
  `orders_made` int(11) DEFAULT NULL,
  `bookings` int(11) DEFAULT NULL,
  `mission` longblob,
  `vision` longblob,
  `sys_values` longblob
) ENGINE=InnoDB DEFAULT CHARSET=utf8mb4;

--
-- Dumping data for table `iResturant_System_Details`
--

INSERT INTO `iResturant_System_Details` (`system_id`, `system_name`, `tagline`, `logo`, `about`, `mail`, `contact_details`, `address`, `sys_facebook`, `sys_twitter`, `sys_instagram`, `sys_linked_in`, `landing_about_title`, `landing_about`, `landing_about_desc`, `landing_slide_1`, `landing_slide_2`, `landing_slide_3`, `landing_slide_4`, `landing_slide_5`, `landing_des`, `landing_title`, `patners`, `properties`, `orders_made`, `bookings`, `mission`, `vision`, `sys_values`) VALUES
(1, 'iRestaurant MIS', 0x496e7374696c6c696e6720496e6e6f766174696f6e20496e20526573747572616e74204d616e6167656d656e74204f7065726174696f6e73, '1627561016logo.jpg', 0x4c6f72656d20697073756d20646f6c6f722073697420616d65742c20636f6e73656374657475722061646970697363696e6720656c69742c2073656420646f20656975736d6f642074656d706f7220696e6369646964756e74207574206c61626f726520657420646f6c6f7265206d61676e6120616c697175612e2055742066617563696275732070756c76696e617220656c656d656e74756d20696e746567657220656e696d206e6571756520766f6c75747061742e204665756769617420766976616d7573206174206175677565206567657420617263752064696374756d2076617269757320647569732e2056697665727261206e616d206c696265726f206a7573746f206c616f726565742e20536f64616c657320757420657469616d2073697420616d65742e205072616573656e742073656d7065722066657567696174206e696268207365642070756c76696e61722070726f696e20677261766964612068656e6472657269742e204d61676e61206665726d656e74756d20696163756c6973206575206e6f6e206469616d2070686173656c6c757320766573746962756c756d2e205363656c65726973717565206665726d656e74756d2064756920666175636962757320696e206f726e6172652e20457520766f6c7574706174206f64696f20666163696c69736973206d61757269732073697420616d65742e204c616375732073656420766976657272612074656c6c757320696e206861632068616269746173736520706c617465612e204e756c6c6120666163696c697369206e756c6c616d207665686963756c6120697073756d206120617263752e204d61757269732070656c6c656e7465737175652070756c76696e61722070656c6c656e746573717565206861626974616e74206d6f726269207472697374697175652073656e65637475732065742e204c6f626f72746973206665756769617420766976616d7573206174206175677565206567657420617263752064696374756d207661726975732e0d0a0d0a457469616d20657261742076656c6974207363656c6572697371756520696e2064696374756d206e6f6e20636f6e736563746574757220612e204d617373612073656420656c656d656e74756d2074656d70757320656765737461732073656420736564207269737573207072657469756d207175616d2e2050686173656c6c757320656765737461732074656c6c75732072757472756d2074656c6c75732070656c6c656e7465737175652065752074696e636964756e742e204c6563747573206d61676e61206672696e67696c6c612075726e6120706f72747469746f722072686f6e63757320646f6c6f722070757275732e204e756c6c616d207665686963756c6120697073756d206120617263752063757273757320766974616520636f6e677565206d61757269732072686f6e6375732e20507572757320696e206d6f6c6c6973206e756e63207365642069642073656d70657220726973757320696e2e205363656c6572697371756520656c656966656e6420646f6e6563207072657469756d2076756c7075746174652073617069656e206e65632073616769747469732e20456e696d206e6571756520766f6c75747061742061632074696e636964756e742e204d6f72626920626c616e6469742063757273757320726973757320617420756c747269636573206d692e20457520766f6c7574706174206f64696f20666163696c69736973206d61757269732073697420616d6574206d6173736120766974616520746f72746f722e20496420646f6e656320756c7472696365732074696e636964756e742061726375206e6f6e2e204d617373612074656d706f72206e65632066657567696174206e69736c207072657469756d2066757363652069642076656c69742075742e20457520636f6e7365717561742061632066656c697320646f6e65632e, 'hello@iresturant.com', '+2547 37 22 9776', 0x3930313236202d203132333c62723e204c6f63616c686f73742c2031323720537472656574, '', '', '', '', 0x5468652069526573747572616e7420496e63, 0x4c6f72656d20697073756d20646f6c6f722073697420616d65742c20636f6e73656374657475722061646970697363696e6720656c69742c2073656420646f20656975736d6f64200d0a74656d706f7220696e6369646964756e74207574206c61626f726520657420646f6c6f7265206d61676e6120616c697175612e2056656e656e61746973206c6563747573200d0a6d61676e61206672696e67696c6c612075726e6120706f72747469746f722072686f6e63757320646f6c6f722070757275732e20506f727461206c6f72656d206d6f6c6c6973200d0a616c697175616d20757420706f72747469746f72206c656f2061206469616d20736f6c6c696369747564696e2e2041206469616d20736f6c6c696369747564696e2074656d706f720d0a2069642e20497073756d206e756e6320616c697175657420626962656e64756d20656e696d20666163696c6973697320677261766964612e204772617669646120617263752061630d0a20746f72746f72206469676e697373696d20636f6e76616c6c69732061656e65616e2065742e205475727069732065676573746173206d616563656e6173207068617265747261200d0a636f6e76616c6c697320706f73756572652e205669746165206e756e63207365642076656c6974206469676e697373696d20736f64616c65732075742065752e200d0a436f6e76616c6c69732074656c6c757320696420696e74657264756d2076656c6974206c616f7265657420696420646f6e656320756c7472696365732074696e636964756e742e200d0a50656c6c656e746573717565206469616d20766f6c757470617420636f6d6d6f646f2073656420656765737461732065676573746173206672696e67696c6c612e200d0a48616269746173736520706c617465612064696374756d737420717569737175652073616769747469732e20416363756d73616e206c616375732076656c20666163696c697369730d0a20766f6c7574706174206573742e204163207475727069732065676573746173206d616563656e617320706861726574726120636f6e76616c6c697320706f7375657265200d0a6d6f726269206c656f2e20456e696d2075742074656c6c757320656c656d656e74756d207361676974746973207669746165206574206c656f20647569732075742e20457374200d0a616e746520696e206e696268206d617572697320637572737573206d6174746973206d6f6c6573746965206120696163756c69732e, 0x4c6f72656d20697073756d20646f6c6f722073697420616d65742c20636f6e73656374657475722061646970697363696e6720656c69742c2073656420646f20656975736d6f64200d0a74656d706f7220696e6369646964756e74207574206c61626f726520657420646f6c6f7265206d61676e6120616c697175612e2056656e656e61746973206c6563747573200d0a6d61676e61206672696e67696c6c612075726e6120706f72747469746f722072686f6e63757320646f6c6f722070757275732e20506f727461206c6f72656d206d6f6c6c6973200d0a616c697175616d20757420706f72747469746f72206c656f2061206469616d20736f6c6c696369747564696e2e2041206469616d20736f6c6c696369747564696e2074656d706f720d0a2069642e20497073756d206e756e6320616c697175657420626962656e64756d20656e696d20666163696c6973697320677261766964612e204772617669646120617263752061630d0a20746f72746f72206469676e697373696d20636f6e76616c6c69732061656e65616e2065742e205475727069732065676573746173206d616563656e6173207068617265747261200d0a636f6e76616c6c697320706f73756572652e205669746165206e756e63207365642076656c6974206469676e697373696d20736f64616c65732075742065752e200d0a436f6e76616c6c69732074656c6c757320696420696e74657264756d2076656c6974206c616f7265657420696420646f6e656320756c7472696365732074696e636964756e742e200d0a50656c6c656e746573717565206469616d20766f6c757470617420636f6d6d6f646f2073656420656765737461732065676573746173206672696e67696c6c612e200d0a48616269746173736520706c617465612064696374756d737420717569737175652073616769747469732e20416363756d73616e206c616375732076656c20666163696c697369730d0a20766f6c7574706174206573742e204163207475727069732065676573746173206d616563656e617320706861726574726120636f6e76616c6c697320706f7375657265200d0a6d6f726269206c656f2e20456e696d2075742074656c6c757320656c656d656e74756d207361676974746973207669746165206574206c656f20647569732075742e20457374200d0a616e746520696e206e696268206d617572697320637572737573206d6174746973206d6f6c6573746965206120696163756c69732e, '1627565942bread-bg.jpg', '1627565942bread-bg8.jpg', '1627565942bread-bg9.jpg', '1627565942bread-bg2.jpg', '1627565942bread-bg5.jpg', 0x57656c636f6d6520546f20692d526573747572616e742c205468652043726164646c65204f6620486f73706974616c6974792e3c62723e, 0x496e7374696c6c696e6720496e6e6f766174696f6e20496e20526573747572616e74204d616e6167656d656e74204f7065726174696f6e7320416e64205468652043726164646c65204f6620486f73706974616c697479, 50, 5, 500, 500, 0x3c703e4c6f72656d20697073756d20646f6c6f722073697420616d65742c20636f6e73656374657475722061646970697363696e6720656c69742c2073656420646f20656975736d6f642074656d706f7220696e6369646964756e74207574206c61626f726520657420646f6c6f7265206d61676e6120616c697175612e2056656e656e61746973206c6563747573206d61676e61206672696e67696c6c612075726e6120706f72747469746f722072686f6e63757320646f6c6f722070757275732e20506f727461206c6f72656d206d6f6c6c697320616c697175616d20757420706f72747469746f72206c656f2061206469616d20736f6c6c696369747564696e2e2041206469616d20736f6c6c696369747564696e2074656d706f722069642e20497073756d206e756e6320616c697175657420626962656e64756d20656e696d20666163696c6973697320677261766964612e203c2f703e3c6f6c3e3c6c693e47726176696461206172637520616320746f72746f72206469676e697373696d20636f6e76616c6c69732061656e65616e2065742e205475727069732065676573746173206d616563656e617320706861726574726120636f6e76616c6c697320706f73756572652e205669746165206e756e63207365642076656c6974206469676e697373696d20736f64616c65732075742065752e20436f6e76616c6c69732074656c6c757320696420696e74657264756d2076656c6974206c616f7265657420696420646f6e656320756c7472696365732074696e636964756e742e203c2f6c693e3c6c693e436f6e76616c6c69732074656c6c757320696420696e74657264756d2076656c6974206c616f7265657420696420646f6e656320756c7472696365732074696e636964756e742e203c2f6c693e3c2f6f6c3e, 0x3c703e4c6f72656d20697073756d20646f6c6f722073697420616d65742c20636f6e73656374657475722061646970697363696e6720656c69742c2073656420646f20656975736d6f642074656d706f7220696e6369646964756e74207574206c61626f726520657420646f6c6f7265206d61676e6120616c697175612e2056656e656e61746973206c6563747573206d61676e61206672696e67696c6c612075726e6120706f72747469746f722072686f6e63757320646f6c6f722070757275732e20506f727461206c6f72656d206d6f6c6c697320616c697175616d20757420706f72747469746f72206c656f2061206469616d20736f6c6c696369747564696e2e2041206469616d20736f6c6c696369747564696e2074656d706f722069642e20497073756d206e756e6320616c697175657420626962656e64756d20656e696d20666163696c6973697320677261766964612e203c2f703e3c6f6c3e3c6c693e47726176696461206172637520616320746f72746f72206469676e697373696d20636f6e76616c6c69732061656e65616e2065742e205475727069732065676573746173206d616563656e617320706861726574726120636f6e76616c6c697320706f73756572652e205669746165206e756e63207365642076656c6974206469676e697373696d20736f64616c65732075742065752e20436f6e76616c6c69732074656c6c757320696420696e74657264756d2076656c6974206c616f7265657420696420646f6e656320756c7472696365732074696e636964756e742e2050656c6c656e746573717565206469616d20766f6c757470617420636f6d6d6f646f2073656420656765737461732065676573746173206672696e67696c6c612e2048616269746173736520706c617465612064696374756d737420717569737175652073616769747469732e203c2f6c693e3c6c693e416363756d73616e206c616375732076656c20666163696c6973697320766f6c7574706174206573742e204163207475727069732065676573746173206d616563656e617320706861726574726120636f6e76616c6c697320706f7375657265206d6f726269206c656f2e3c2f6c693e3c6c693e20456e696d2075742074656c6c757320656c656d656e74756d207361676974746973207669746165206574206c656f20647569732075742e203c2f6c693e3c6c693e45737420616e746520696e206e696268206d617572697320637572737573206d6174746973206d6f6c6573746965206120696163756c69732e3c2f6c693e3c2f6f6c3e, 0x3c703e4c6f72656d20697073756d20646f6c6f722073697420616d65742c20636f6e73656374657475722061646970697363696e6720656c69742c2073656420646f20656975736d6f642074656d706f7220696e6369646964756e74207574206c61626f726520657420646f6c6f7265206d61676e6120616c697175612e2056656e656e61746973206c6563747573206d61676e61206672696e67696c6c612075726e6120706f72747469746f722072686f6e63757320646f6c6f722070757275732e20506f727461206c6f72656d206d6f6c6c697320616c697175616d20757420706f72747469746f72206c656f2061206469616d20736f6c6c696369747564696e2e2041206469616d20736f6c6c696369747564696e2074656d706f722069642e20497073756d206e756e6320616c697175657420626962656e64756d20656e696d20666163696c6973697320677261766964612e3c2f703e3c6f6c3e3c6c693e2047726176696461206172637520616320746f72746f72206469676e697373696d20636f6e76616c6c69732061656e65616e2065742e205475727069732065676573746173206d616563656e617320706861726574726120636f6e76616c6c697320706f73756572652e205669746165206e756e63207365642076656c6974206469676e697373696d20736f64616c65732075742065752e20436f6e76616c6c69732074656c6c757320696420696e74657264756d2076656c6974206c616f7265657420696420646f6e656320756c7472696365732074696e636964756e742e2050656c6c656e746573717565206469616d20766f6c757470617420636f6d6d6f646f2073656420656765737461732065676573746173206672696e67696c6c612e2048616269746173736520706c617465612064696374756d737420717569737175652073616769747469732e3c2f6c693e3c6c693e20416363756d73616e206c616375732076656c20666163696c6973697320766f6c7574706174206573742e204163207475727069732065676573746173206d616563656e617320706861726574726120636f6e76616c6c697320706f7375657265206d6f726269206c656f2e20456e696d2075742074656c6c757320656c656d656e74756d207361676974746973207669746165206574206c656f20647569732075742e2045737420616e746520696e206e696268206d617572697320637572737573206d6174746973206d6f6c6573746965206120696163756c69732e20205475727069732074696e636964756e7420696420616c697175657420726973757320666575676961742e20506f7375657265206d6f726269206c656f2075726e61206d6f6c657374696520617420656c656d656e74756d20657520666163696c697369732e203c2f6c693e3c6c693e447569732061742074656c6c75732061742075726e612e2044696374756d737420717569737175652073616769747469732070757275732073697420616d657420766f6c757470617420636f6e7365717561742e2050757275732073697420616d657420766f6c757470617420636f6e736571756174206d6175726973206e756e6320636f6e677565206e6973692e2047726176696461206172637520616320746f72746f72206469676e697373696d20636f6e76616c6c69732061656e65616e20657420746f72746f722e204e756c6c61207068617265747261206469616d2073697420616d6574206e69736c2073757363697069742061646970697363696e6720626962656e64756d2e20526973757320636f6d6d6f646f2076697665727261206d616563656e617320616363756d73616e2e203c2f6c693e3c6c693e56756c707574617465206f64696f20757420656e696d20626c616e64697420766f6c7574706174206d616563656e61732e20436f6e7365717561742073656d7065722076697665727261206e616d206c696265726f206a7573746f206c616f726565742e20416c697175616d20757420706f72747469746f72206c656f2061206469616d20736f6c6c696369747564696e2074656d706f722e3c2f6c693e3c2f6f6c3e);

-- --------------------------------------------------------

--
-- Table structure for table `iResturant_Testimonials`
--

CREATE TABLE `iResturant_Testimonials` (
  `testimonial_id` int(200) NOT NULL,
  `testimonial_customer_id` varchar(200) NOT NULL,
  `testimonial_details` longtext NOT NULL
) ENGINE=InnoDB DEFAULT CHARSET=utf8mb4;

--
-- Dumping data for table `iResturant_Testimonials`
--

INSERT INTO `iResturant_Testimonials` (`testimonial_id`, `testimonial_customer_id`, `testimonial_details`) VALUES
(1, '75b5688c03fcda88dfa295d0bcaf176f', 'Lorem ipsum dolor sit amet, consectetur adipiscing elit, sed do eiusmod tempor incididunt ut labore et dolore magna aliqua. Ut faucibus pulvinar elementum integer enim neque volutpat. Feugiat vivamus at augue eget arcu dictum varius duis. Viverra nam libero justo laoreet. Sodales ut etiam sit amet. Praesent semper feugiat nibh sed pulvinar proin gravida hendrerit. Magna fermentum iaculis eu non diam phasellus vestibulum'),
(2, '42e72e0aa927e9f5cf046b3e0d86116d5a1d055504', 'Lorem ipsum dolor sit amet, consectetur adipiscing elit, sed do eiusmod tempor incididunt ut labore et dolore magna aliqua. Ut faucibus pulvinar elementum integer enim neque volutpat. Feugiat vivamus at augue eget arcu dictum varius duis. Viverra nam libero justo laoreet. Sodales ut etiam sit amet. Praesent semper feugiat nibh sed pulvinar proin gravida hendrerit. Magna fermentum iaculis eu non diam phasellus vestibulum');

--
-- Indexes for dumped tables
--

--
-- Indexes for table `iResturant_Admin_Login`
--
ALTER TABLE `iResturant_Admin_Login`
  ADD PRIMARY KEY (`id`);

--
-- Indexes for table `iResturant_Country`
--
ALTER TABLE `iResturant_Country`
  ADD PRIMARY KEY (`id`);

--
-- Indexes for table `iResturant_Currencies`
--
ALTER TABLE `iResturant_Currencies`
  ADD PRIMARY KEY (`id`);

--
-- Indexes for table `iResturant_Customer`
--
ALTER TABLE `iResturant_Customer`
  ADD PRIMARY KEY (`id`);

--
-- Indexes for table `iResturant_Customer_Orders`
--
ALTER TABLE `iResturant_Customer_Orders`
  ADD PRIMARY KEY (`id`),
  ADD KEY `Customer_Order` (`customer_id`),
  ADD KEY `Meal_Ordered` (`meal_menu_id`);

--
-- Indexes for table `iResturant_Expenses`
--
ALTER TABLE `iResturant_Expenses`
  ADD PRIMARY KEY (`id`);

--
-- Indexes for table `iResturant_Meal_Category`
--
ALTER TABLE `iResturant_Meal_Category`
  ADD PRIMARY KEY (`id`);

--
-- Indexes for table `iResturant_Menu`
--
ALTER TABLE `iResturant_Menu`
  ADD PRIMARY KEY (`meal_id`),
  ADD KEY `Meal_Category_Constraint` (`meal_category_id`);

--
-- Indexes for table `iResturant_Notification`
--
ALTER TABLE `iResturant_Notification`
  ADD PRIMARY KEY (`id`);

--
-- Indexes for table `iResturant_Payments`
--
ALTER TABLE `iResturant_Payments`
  ADD PRIMARY KEY (`id`);

--
-- Indexes for table `iResturant_Payroll`
--
ALTER TABLE `iResturant_Payroll`
  ADD PRIMARY KEY (`id`),
  ADD KEY `Staff_Payroll_ID` (`staff_id`);

--
-- Indexes for table `iResturant_Room`
--
ALTER TABLE `iResturant_Room`
  ADD PRIMARY KEY (`id`),
  ADD KEY `Room_Category` (`room_category_id`);

--
-- Indexes for table `iResturant_Room_Category`
--
ALTER TABLE `iResturant_Room_Category`
  ADD PRIMARY KEY (`id`);

--
-- Indexes for table `iResturant_Room_Images`
--
ALTER TABLE `iResturant_Room_Images`
  ADD KEY `Room_ID` (`room_id`);

--
-- Indexes for table `iResturant_Room_Reservation`
--
ALTER TABLE `iResturant_Room_Reservation`
  ADD PRIMARY KEY (`id`),
  ADD KEY `Reservation_Client` (`client_id`),
  ADD KEY `Reservation_Room` (`room_id`);

--
-- Indexes for table `iResturant_Staff`
--
ALTER TABLE `iResturant_Staff`
  ADD PRIMARY KEY (`id`);

--
-- Indexes for table `iResturant_Suppliers`
--
ALTER TABLE `iResturant_Suppliers`
  ADD PRIMARY KEY (`id`);

--
-- Indexes for table `iResturant_System_Details`
--
ALTER TABLE `iResturant_System_Details`
  ADD PRIMARY KEY (`system_id`);

--
-- Indexes for table `iResturant_Testimonials`
--
ALTER TABLE `iResturant_Testimonials`
  ADD PRIMARY KEY (`testimonial_id`),
  ADD KEY `CustomerID` (`testimonial_customer_id`);

--
-- AUTO_INCREMENT for dumped tables
--

--
-- AUTO_INCREMENT for table `iResturant_Currencies`
--
ALTER TABLE `iResturant_Currencies`
  MODIFY `id` int(200) NOT NULL AUTO_INCREMENT, AUTO_INCREMENT=3;

--
-- AUTO_INCREMENT for table `iResturant_Notification`
--
ALTER TABLE `iResturant_Notification`
  MODIFY `id` int(200) NOT NULL AUTO_INCREMENT, AUTO_INCREMENT=2;

--
-- AUTO_INCREMENT for table `iResturant_Testimonials`
--
ALTER TABLE `iResturant_Testimonials`
  MODIFY `testimonial_id` int(200) NOT NULL AUTO_INCREMENT, AUTO_INCREMENT=3;

--
-- Constraints for dumped tables
--

--
-- Constraints for table `iResturant_Customer_Orders`
--
ALTER TABLE `iResturant_Customer_Orders`
  ADD CONSTRAINT `Customer_Order` FOREIGN KEY (`customer_id`) REFERENCES `iResturant_Customer` (`id`) ON DELETE NO ACTION ON UPDATE NO ACTION,
  ADD CONSTRAINT `Meal_Ordered` FOREIGN KEY (`meal_menu_id`) REFERENCES `iResturant_Menu` (`meal_id`) ON DELETE NO ACTION ON UPDATE NO ACTION;

--
-- Constraints for table `iResturant_Menu`
--
ALTER TABLE `iResturant_Menu`
  ADD CONSTRAINT `Meal_Category_Constraint` FOREIGN KEY (`meal_category_id`) REFERENCES `iResturant_Meal_Category` (`id`) ON DELETE CASCADE ON UPDATE CASCADE;

--
-- Constraints for table `iResturant_Payroll`
--
ALTER TABLE `iResturant_Payroll`
  ADD CONSTRAINT `Staff_Payroll_ID` FOREIGN KEY (`staff_id`) REFERENCES `iResturant_Staff` (`id`) ON DELETE CASCADE ON UPDATE CASCADE;

--
-- Constraints for table `iResturant_Room`
--
ALTER TABLE `iResturant_Room`
  ADD CONSTRAINT `Room_Category` FOREIGN KEY (`room_category_id`) REFERENCES `iResturant_Room_Category` (`id`) ON DELETE CASCADE ON UPDATE CASCADE;

--
-- Constraints for table `iResturant_Room_Images`
--
ALTER TABLE `iResturant_Room_Images`
  ADD CONSTRAINT `Room_ID` FOREIGN KEY (`room_id`) REFERENCES `iResturant_Room` (`id`) ON DELETE CASCADE ON UPDATE CASCADE;

--
-- Constraints for table `iResturant_Room_Reservation`
--
ALTER TABLE `iResturant_Room_Reservation`
  ADD CONSTRAINT `Reservation_Client` FOREIGN KEY (`client_id`) REFERENCES `iResturant_Customer` (`id`) ON DELETE CASCADE ON UPDATE CASCADE,
  ADD CONSTRAINT `Reservation_Room` FOREIGN KEY (`room_id`) REFERENCES `iResturant_Room` (`id`) ON DELETE CASCADE ON UPDATE CASCADE;

--
-- Constraints for table `iResturant_Testimonials`
--
ALTER TABLE `iResturant_Testimonials`
  ADD CONSTRAINT `CustomerID` FOREIGN KEY (`testimonial_customer_id`) REFERENCES `iResturant_Customer` (`id`) ON DELETE CASCADE ON UPDATE CASCADE;
COMMIT;

/*!40101 SET CHARACTER_SET_CLIENT=@OLD_CHARACTER_SET_CLIENT */;
/*!40101 SET CHARACTER_SET_RESULTS=@OLD_CHARACTER_SET_RESULTS */;
/*!40101 SET COLLATION_CONNECTION=@OLD_COLLATION_CONNECTION */;
